coefficient_name,work,univ,school,shopping,escort,othmaint,social,eatout,othdiscr,atwork
#same for all segments,,,,,,,,,,
coef_one,coef_one,coef_one,coef_one,coef_one,coef_one,coef_one,coef_one,coef_one,coef_one,coef_one
coef_nest_root,coef_nest_root,coef_nest_root,coef_nest_root,coef_nest_root,coef_nest_root,coef_nest_root,coef_nest_root,coef_nest_root,coef_nest_root,coef_nest_root
coef_nest_AUTO,coef_nest_AUTO,coef_nest_AUTO,coef_nest_AUTO,coef_nest_AUTO,coef_nest_AUTO,coef_nest_AUTO,coef_nest_AUTO,coef_nest_AUTO,coef_nest_AUTO,coef_nest_AUTO
coef_nest_NONMOTORIZED,coef_nest_NONMOTORIZED,coef_nest_NONMOTORIZED,coef_nest_NONMOTORIZED,coef_nest_NONMOTORIZED,coef_nest_NONMOTORIZED,coef_nest_NONMOTORIZED,coef_nest_NONMOTORIZED,coef_nest_NONMOTORIZED,coef_nest_NONMOTORIZED,coef_nest_NONMOTORIZED
coef_nest_MICROMOBILITY,coef_nest_MICROMOBILITY,coef_nest_MICROMOBILITY,coef_nest_MICROMOBILITY,coef_nest_MICROMOBILITY,coef_nest_MICROMOBILITY,coef_nest_MICROMOBILITY,coef_nest_MICROMOBILITY,coef_nest_MICROMOBILITY,coef_nest_MICROMOBILITY,coef_nest_MICROMOBILITY
coef_nest_TRANSIT,coef_nest_TRANSIT,coef_nest_TRANSIT,coef_nest_TRANSIT,coef_nest_TRANSIT,coef_nest_TRANSIT,coef_nest_TRANSIT,coef_nest_TRANSIT,coef_nest_TRANSIT,coef_nest_TRANSIT,coef_nest_TRANSIT
coef_nest_RIDEHAIL,coef_nest_RIDEHAIL,coef_nest_RIDEHAIL,coef_nest_RIDEHAIL,coef_nest_RIDEHAIL,coef_nest_RIDEHAIL,coef_nest_RIDEHAIL,coef_nest_RIDEHAIL,coef_nest_RIDEHAIL,coef_nest_RIDEHAIL,coef_nest_RIDEHAIL
coef_nest_SCHOOL_BUS,coef_nest_SCHOOL_BUS,coef_nest_SCHOOL_BUS,coef_nest_SCHOOL_BUS,coef_nest_SCHOOL_BUS,coef_nest_SCHOOL_BUS,coef_nest_SCHOOL_BUS,coef_nest_SCHOOL_BUS,coef_nest_SCHOOL_BUS,coef_nest_SCHOOL_BUS,coef_nest_SCHOOL_BUS
coef_nest_TRANSIT_WALKACCESS,coef_nest_TRANSIT_WALKACCESS,coef_nest_TRANSIT_WALKACCESS,coef_nest_TRANSIT_WALKACCESS,coef_nest_TRANSIT_WALKACCESS,coef_nest_TRANSIT_WALKACCESS,coef_nest_TRANSIT_WALKACCESS,coef_nest_TRANSIT_WALKACCESS,coef_nest_TRANSIT_WALKACCESS,coef_nest_TRANSIT_WALKACCESS,coef_nest_TRANSIT_WALKACCESS
coef_nest_TRANSIT_PNRACCESS,coef_nest_TRANSIT_PNRACCESS,coef_nest_TRANSIT_PNRACCESS,coef_nest_TRANSIT_PNRACCESS,coef_nest_TRANSIT_PNRACCESS,coef_nest_TRANSIT_PNRACCESS,coef_nest_TRANSIT_PNRACCESS,coef_nest_TRANSIT_PNRACCESS,coef_nest_TRANSIT_PNRACCESS,coef_nest_TRANSIT_PNRACCESS,coef_nest_TRANSIT_PNRACCESS
coef_nest_TRANSIT_KNRACCESS,coef_nest_TRANSIT_KNRACCESS,coef_nest_TRANSIT_KNRACCESS,coef_nest_TRANSIT_KNRACCESS,coef_nest_TRANSIT_KNRACCESS,coef_nest_TRANSIT_KNRACCESS,coef_nest_TRANSIT_KNRACCESS,coef_nest_TRANSIT_KNRACCESS,coef_nest_TRANSIT_KNRACCESS,coef_nest_TRANSIT_KNRACCESS,coef_nest_TRANSIT_KNRACCESS
coef_nest_TRANSIT_TNCACCESS,coef_nest_TRANSIT_TNCACCESS,coef_nest_TRANSIT_TNCACCESS,coef_nest_TRANSIT_TNCACCESS,coef_nest_TRANSIT_TNCACCESS,coef_nest_TRANSIT_TNCACCESS,coef_nest_TRANSIT_TNCACCESS,coef_nest_TRANSIT_TNCACCESS,coef_nest_TRANSIT_TNCACCESS,coef_nest_TRANSIT_TNCACCESS,coef_nest_TRANSIT_TNCACCESS
coef_ivt,coef_ivt_work,coef_ivt_univ,coef_ivt_school,coef_ivt_maint,coef_ivt_maint,coef_ivt_maint,coef_ivt_disc,coef_ivt_disc,coef_ivt_disc,coef_ivt_atwork
coef_rel_out,coef_rel_out_work,coef_rel_out_univ,coef_rel_out_school,coef_rel_out_maint,coef_rel_out_maint,coef_rel_out_maint,coef_rel_out_disc,coef_rel_out_disc,coef_rel_out_disc,coef_rel_out_atwork
coef_rel_inb,coef_rel_inb_work,coef_rel_inb_univ,coef_rel_inb_school,coef_rel_inb_maint,coef_rel_inb_maint,coef_rel_inb_maint,coef_rel_inb_disc,coef_rel_inb_disc,coef_rel_inb_disc,coef_rel_inb_atwork
coef_income,coef_income_work,coef_income_univ,coef_income_school,coef_income_maint,coef_income_maint,coef_income_maint,coef_income_disc,coef_income_disc,coef_income_disc,coef_income_atwork
coef_walktime,coef_walktime_work,coef_walktime_univ,coef_walktime_school,coef_walktime_maint,coef_walktime_maint,coef_walktime_maint,coef_walktime_disc,coef_walktime_disc,coef_walktime_disc,coef_walktime_atwork
coef_bikeLogsum,coef_bikels_work,coef_bikels_univ,coef_bikels_school,coef_bikels_maint,coef_bikels_maint,coef_bikels_maint,coef_bikels_disc,coef_bikels_disc,coef_bikels_disc,coef_bikels_atwork
#,,,,,,,,,,
coef_wait,coef_wait_work,coef_wait_univ,coef_wait_school,coef_wait_maint,coef_wait_maint,coef_wait_maint,coef_wait_disc,coef_wait_disc,coef_wait_disc,coef_wait_atwork
coef_xwait,coef_xwait_work,coef_xwait_univ,coef_xwait_school,coef_xwait_maint,coef_xwait_maint,coef_xwait_maint,coef_xwait_disc,coef_xwait_disc,coef_xwait_disc,coef_xwait_atwork
coef_acctime,coef_acctime_work,coef_acctime_univ,coef_acctime_school,coef_acctime_maint,coef_acctime_maint,coef_acctime_maint,coef_acctime_disc,coef_acctime_disc,coef_acctime_disc,coef_acctime_atwork
coef_xfer,coef_xfer_work,coef_xfer_univ,coef_xfer_school,coef_xfer_maint,coef_xfer_maint,coef_xfer_maint,coef_xfer_disc,coef_xfer_disc,coef_xfer_disc,coef_xfer_atwork
coef_xferdrive,coef_xferdrive_work,coef_xferdrive_univ,coef_xferdrive_school,coef_xferdrive_maint,coef_xferdrive_maint,coef_xferdrive_maint,coef_xferdrive_disc,coef_xferdrive_disc,coef_xferdrive_disc,coef_xferdrive_atwork
coef_xwalk,coef_xwalk_work,coef_xwalk_univ,coef_xwalk_school,coef_xwalk_maint,coef_xwalk_maint,coef_xwalk_maint,coef_xwalk_disc,coef_xwalk_disc,coef_xwalk_disc,coef_xwalk_atwork
#,,,,,,,,,,
coef_oMix_nmot,coef_oMix_nmot_work,coef_oMix_nmot_univ,coef_oMix_nmot_school,coef_oMix_nmot_maint,coef_oMix_nmot_maint,coef_oMix_nmot_maint,coef_oMix_nmot_disc,coef_oMix_nmot_disc,coef_oMix_nmot_disc,coef_oMix_nmot_atwork
coef_oMix_wTran,coef_oMix_wTran_work,coef_oMix_wTran_univ,coef_oMix_wTran_school,coef_oMix_wTran_maint,coef_oMix_wTran_maint,coef_oMix_wTran_maint,coef_oMix_wTran_disc,coef_oMix_wTran_disc,coef_oMix_wTran_disc,coef_oMix_wTran_atwork
coef_oIntDen_nmot,coef_oIntDen_nmot_work,coef_oIntDen_nmot_univ,coef_oIntDen_nmot_school,coef_oIntDen_nmot_maint,coef_oIntDen_nmot_maint,coef_oIntDen_nmot_maint,coef_oIntDen_nmot_disc,coef_oIntDen_nmot_disc,coef_oIntDen_nmot_disc,coef_oIntDen_nmot_atwork
coef_oIntDen_wTran,coef_oIntDen_wTran_work,coef_oIntDen_wTran_univ,coef_oIntDen_wTran_school,coef_oIntDen_wTran_maint,coef_oIntDen_wTran_maint,coef_oIntDen_wTran_maint,coef_oIntDen_wTran_disc,coef_oIntDen_wTran_disc,coef_oIntDen_wTran_disc,coef_oIntDen_wTran_atwork
coef_dEmpDen_nmot,coef_dEmpDen_nmot_work,coef_dEmpDen_nmot_univ,coef_dEmpDen_nmot_school,coef_dEmpDen_nmot_maint,coef_dEmpDen_nmot_maint,coef_dEmpDen_nmot_maint,coef_dEmpDen_nmot_disc,coef_dEmpDen_nmot_disc,coef_dEmpDen_nmot_disc,coef_dEmpDen_nmot_atwork
coef_dEmpDen_wTran,coef_dEmpDen_wTran_work,coef_dEmpDen_wTran_univ,coef_dEmpDen_wTran_school,coef_dEmpDen_wTran_maint,coef_dEmpDen_wTran_maint,coef_dEmpDen_wTran_maint,coef_dEmpDen_wTran_disc,coef_dEmpDen_wTran_disc,coef_dEmpDen_wTran_disc,coef_dEmpDen_wTran_atwork
coef_dEmpDen_dTran,coef_dEmpDen_dTran_work,coef_dEmpDen_dTran_univ,coef_dEmpDen_dTran_school,coef_dEmpDen_dTran_maint,coef_dEmpDen_dTran_maint,coef_dEmpDen_dTran_maint,coef_dEmpDen_dTran_disc,coef_dEmpDen_dTran_disc,coef_dEmpDen_dTran_disc,coef_dEmpDen_dTran_atwork
coef_age1624_sr2,coef_age1624_sr2_work,coef_age1624_sr2_univ,coef_zero,coef_age1624_sr2_maint,coef_age1624_sr2_maint,coef_age1624_sr2_maint,coef_age1624_sr2_disc,coef_age1624_sr2_disc,coef_age1624_sr2_disc,coef_age1624_sr2_atwork
coef_age1624_sr3p,coef_age1624_sr3p_work,coef_age1624_sr3p_univ,coef_zero,coef_age1624_sr3p_maint,coef_age1624_sr3p_maint,coef_age1624_sr3p_maint,coef_age1624_sr3p_disc,coef_age1624_sr3p_disc,coef_age1624_sr3p_disc,coef_age1624_sr3p_atwork
coef_age1624_nmot,coef_age1624_nmot_work,coef_age1624_nmot_univ,coef_zero,coef_age1624_nmot_maint,coef_age1624_nmot_maint,coef_age1624_nmot_maint,coef_age1624_nmot_disc,coef_age1624_nmot_disc,coef_age1624_nmot_disc,coef_age1624_nmot_atwork
coef_age1624_tran,coef_age1624_tran_work,coef_age1624_tran_univ,coef_zero,coef_age1624_tran_maint,coef_age1624_tran_maint,coef_age1624_tran_maint,coef_age1624_tran_disc,coef_age1624_tran_disc,coef_age1624_tran_disc,coef_age1624_tran_atwork
coef_age4155_sr2,coef_age4155_sr2_work,coef_age4155_sr2_univ,coef_zero,coef_age4155_sr2_maint,coef_age4155_sr2_maint,coef_age4155_sr2_maint,coef_age4155_sr2_disc,coef_age4155_sr2_disc,coef_age4155_sr2_disc,coef_age4155_sr2_atwork
coef_age4155_sr3p,coef_age4155_sr3p_work,coef_age4155_sr3p_univ,coef_zero,coef_age4155_sr3p_maint,coef_age4155_sr3p_maint,coef_age4155_sr3p_maint,coef_age4155_sr3p_disc,coef_age4155_sr3p_disc,coef_age4155_sr3p_disc,coef_age4155_sr3p_atwork
coef_age4155_nmot,coef_age4155_nmot_work,coef_age4155_nmot_univ,coef_zero,coef_age4155_nmot_maint,coef_age4155_nmot_maint,coef_age4155_nmot_maint,coef_age4155_nmot_disc,coef_age4155_nmot_disc,coef_age4155_nmot_disc,coef_age4155_nmot_atwork
coef_age4155_tran,coef_age4155_tran_work,coef_age4155_tran_univ,coef_zero,coef_age4155_tran_maint,coef_age4155_tran_maint,coef_age4155_tran_maint,coef_age4155_tran_disc,coef_age4155_tran_disc,coef_age4155_tran_disc,coef_age4155_tran_atwork
coef_age5664_sr2,coef_age5664_sr2_work,coef_age5664_sr2_univ,coef_zero,coef_age5664_sr2_maint,coef_age5664_sr2_maint,coef_age5664_sr2_maint,coef_age5664_sr2_disc,coef_age5664_sr2_disc,coef_age5664_sr2_disc,coef_age5664_sr2_atwork
coef_age5664_sr3p,coef_age5664_sr3p_work,coef_age5664_sr3p_univ,coef_zero,coef_age5664_sr3p_maint,coef_age5664_sr3p_maint,coef_age5664_sr3p_maint,coef_age5664_sr3p_disc,coef_age5664_sr3p_disc,coef_age5664_sr3p_disc,coef_age5664_sr3p_atwork
coef_age5664_nmot,coef_age5664_nmot_work,coef_age5664_nmot_univ,coef_zero,coef_age5664_nmot_maint,coef_age5664_nmot_maint,coef_age5664_nmot_maint,coef_age5664_nmot_disc,coef_age5664_nmot_disc,coef_age5664_nmot_disc,coef_age5664_nmot_atwork
coef_age5664_tran,coef_age5664_tran_work,coef_age5664_tran_univ,coef_zero,coef_age5664_tran_maint,coef_age5664_tran_maint,coef_age5664_tran_maint,coef_age5664_tran_disc,coef_age5664_tran_disc,coef_age5664_tran_disc,coef_age5664_tran_atwork
coef_age65pl_sr2,coef_age65pl_sr2_work,coef_age65pl_sr2_univ,coef_zero,coef_age65pl_sr2_maint,coef_age65pl_sr2_maint,coef_age65pl_sr2_maint,coef_age65pl_sr2_disc,coef_age65pl_sr2_disc,coef_age65pl_sr2_disc,coef_age65pl_sr2_atwork
coef_age65pl_sr3p,coef_age65pl_sr3p_work,coef_age65pl_sr3p_univ,coef_zero,coef_age65pl_sr3p_maint,coef_age65pl_sr3p_maint,coef_age65pl_sr3p_maint,coef_age65pl_sr3p_disc,coef_age65pl_sr3p_disc,coef_age65pl_sr3p_disc,coef_age65pl_sr3p_atwork
coef_age65pl_nmot,coef_age65pl_nmot_work,coef_age65pl_nmot_univ,coef_zero,coef_age65pl_nmot_maint,coef_age65pl_nmot_maint,coef_age65pl_nmot_maint,coef_age65pl_nmot_disc,coef_age65pl_nmot_disc,coef_age65pl_nmot_disc,coef_age65pl_nmot_atwork
coef_age65pl_tran,coef_age65pl_tran_work,coef_age65pl_tran_univ,coef_zero,coef_age65pl_tran_maint,coef_age65pl_tran_maint,coef_age65pl_tran_maint,coef_age65pl_tran_disc,coef_age65pl_tran_disc,coef_age65pl_tran_disc,coef_age65pl_tran_atwork
coef_female_sr2,coef_female_sr2_work,coef_female_sr2_univ,coef_female_sr2_school,coef_female_sr2_maint,coef_female_sr2_maint,coef_female_sr2_maint,coef_female_sr2_disc,coef_female_sr2_disc,coef_female_sr2_disc,coef_female_sr2_atwork
coef_female_sr3p,coef_female_sr3p_work,coef_female_sr3p_univ,coef_female_sr3p_school,coef_female_sr3p_maint,coef_female_sr3p_maint,coef_female_sr3p_maint,coef_female_sr3p_disc,coef_female_sr3p_disc,coef_female_sr3p_disc,coef_female_sr3p_atwork
coef_female_tran,coef_female_tran_work,coef_female_tran_univ,coef_female_tran_school,coef_female_tran_maint,coef_female_tran_maint,coef_female_tran_maint,coef_female_tran_disc,coef_female_tran_disc,coef_female_tran_disc,coef_female_tran_atwork
coef_female_nmot,coef_female_nmot_work,coef_female_nmot_univ,coef_female_nmot_school,coef_female_nmot_maint,coef_female_nmot_maint,coef_female_nmot_maint,coef_female_nmot_disc,coef_female_nmot_disc,coef_female_nmot_disc,coef_female_nmot_atwork
coef_hhsize2_sr2,coef_hhsize2_sr2_work,coef_hhsize2_sr2_univ,coef_hhsize2_sr2_school,coef_hhsize2_sr2_maint,coef_hhsize2_sr2_maint,coef_hhsize2_sr2_maint,coef_hhsize2_sr2_disc,coef_hhsize2_sr2_disc,coef_hhsize2_sr2_disc,coef_hhsize2_sr2_atwork
coef_hhsize2_sr3p,coef_hhsize2_sr3p_work,coef_hhsize2_sr3p_univ,coef_hhsize2_sr3p_school,coef_hhsize2_sr3p_maint,coef_hhsize2_sr3p_maint,coef_hhsize2_sr3p_maint,coef_hhsize2_sr3p_disc,coef_hhsize2_sr3p_disc,coef_hhsize2_sr3p_disc,coef_hhsize2_sr3p_atwork
coef_hhsize3_sr2,coef_hhsize3_sr2_work,coef_hhsize3_sr2_univ,coef_hhsize3_sr2_school,coef_hhsize3_sr2_maint,coef_hhsize3_sr2_maint,coef_hhsize3_sr2_maint,coef_hhsize3_sr2_disc,coef_hhsize3_sr2_disc,coef_hhsize3_sr2_disc,coef_hhsize3_sr2_atwork
coef_hhsize3_sr3p,coef_hhsize3_sr3p_work,coef_hhsize3_sr3p_univ,coef_hhsize3_sr3p_school,coef_hhsize3_sr3p_maint,coef_hhsize3_sr3p_maint,coef_hhsize3_sr3p_maint,coef_hhsize3_sr3p_disc,coef_hhsize3_sr3p_disc,coef_hhsize3_sr3p_disc,coef_hhsize3_sr3p_atwork
coef_hhsize4p_sr2,coef_hhsize4p_sr2_work,coef_hhsize4p_sr2_univ,coef_hhsize4p_sr2_school,coef_hhsize4p_sr2_maint,coef_hhsize4p_sr2_maint,coef_hhsize4p_sr2_maint,coef_hhsize4p_sr2_disc,coef_hhsize4p_sr2_disc,coef_hhsize4p_sr2_disc,coef_hhsize4p_sr2_atwork
coef_hhsize4p_sr3p,coef_hhsize4p_sr3p_work,coef_hhsize4p_sr3p_univ,coef_hhsize4p_sr3p_school,coef_hhsize4p_sr3p_maint,coef_hhsize4p_sr3p_maint,coef_hhsize4p_sr3p_maint,coef_hhsize4p_sr3p_disc,coef_hhsize4p_sr3p_disc,coef_hhsize4p_sr3p_disc,coef_hhsize4p_sr3p_atwork
coef_ageund16_bike,coef_ageund16_bike_work,coef_ageund16_bike_univ,coef_ageund16_bike_school,coef_ageund16_bike_maint,coef_ageund16_bike_maint,coef_ageund16_bike_maint,coef_ageund16_bike_disc,coef_ageund16_bike_disc,coef_ageund16_bike_disc,coef_zero
coef_age1624_bike,coef_age1624_bike_work,coef_age1624_bike_univ,coef_age1624_bike_school,coef_age1624_bike_maint,coef_age1624_bike_maint,coef_age1624_bike_maint,coef_age1624_bike_disc,coef_age1624_bike_disc,coef_age1624_bike_disc,coef_zero
coef_age4155_bike,coef_age4155_bike_work,coef_age4155_bike_univ,coef_age4155_bike_school,coef_age4155_bike_maint,coef_age4155_bike_maint,coef_age4155_bike_maint,coef_age4155_bike_disc,coef_age4155_bike_disc,coef_age4155_bike_disc,coef_zero
coef_age5664_bike,coef_age5664_bike_work,coef_age5664_bike_univ,coef_age5664_bike_school,coef_age5664_bike_maint,coef_age5664_bike_maint,coef_age5664_bike_maint,coef_age5664_bike_disc,coef_age5664_bike_disc,coef_age5664_bike_disc,coef_zero
coef_age65pl_bike,coef_age65pl_bike_work,coef_age65pl_bike_univ,coef_age65pl_bike_school,coef_age65pl_bike_maint,coef_age65pl_bike_maint,coef_age65pl_bike_maint,coef_age65pl_bike_disc,coef_age65pl_bike_disc,coef_age65pl_bike_disc,coef_zero
coef_female_bike,coef_female_bike_work,coef_female_bike_univ,coef_female_bike_school,coef_female_bike_maint,coef_female_bike_maint,coef_female_bike_maint,coef_female_bike_disc,coef_female_bike_disc,coef_female_bike_disc,coef_zero
coef_inc100plus_bike,coef_inc100plus_bike_work,coef_inc100plus_bike_univ,coef_inc100plus_bike_school,coef_inc100plus_bike_maint,coef_inc100plus_bike_maint,coef_inc100plus_bike_maint,coef_inc100plus_bike_disc,coef_inc100plus_bike_disc,coef_inc100plus_bike_disc,coef_zero
coef_LUnorm_bike,coef_LUnorm_bike_work,coef_LUnorm_bike_univ,coef_LUnorm_bike_school,coef_LUnorm_bike_maint,coef_LUnorm_bike_maint,coef_LUnorm_bike_maint,coef_LUnorm_bike_disc,coef_LUnorm_bike_disc,coef_LUnorm_bike_disc,coef_zero
coef_oMlCoast_bike,coef_oMlCoast_bike_work,coef_oMlCoast_bike_univ,coef_oMlCoast_bike_school,coef_oMlCoast_bike_maint,coef_oMlCoast_bike_maint,coef_oMlCoast_bike_maint,coef_oMlCoast_bike_disc,coef_oMlCoast_bike_disc,coef_oMlCoast_bike_disc,coef_zero
coef_oMlCoast2p_bike,coef_oMlCoast2p_bike_work,coef_oMlCoast2p_bike_univ,coef_oMlCoast2p_bike_school,coef_oMlCoast2p_bike_maint,coef_oMlCoast2p_bike_maint,coef_oMlCoast2p_bike_maint,coef_oMlCoast2p_bike_disc,coef_oMlCoast2p_bike_disc,coef_oMlCoast2p_bike_disc,coef_zero
coef_oMlCoast5p_bike,coef_oMlCoast5p_bike_work,coef_oMlCoast5p_bike_univ,coef_oMlCoast5p_bike_school,coef_oMlCoast5p_bike_maint,coef_oMlCoast5p_bike_maint,coef_oMlCoast5p_bike_maint,coef_oMlCoast5p_bike_disc,coef_oMlCoast5p_bike_disc,coef_oMlCoast5p_bike_disc,coef_zero
coef_ageund16_walk,coef_ageund16_walk_work,coef_ageund16_walk_univ,coef_ageund16_walk_school,coef_ageund16_walk_maint,coef_ageund16_walk_maint,coef_ageund16_walk_maint,coef_ageund16_walk_disc,coef_ageund16_walk_disc,coef_ageund16_walk_disc,coef_zero
coef_age1624_walk,coef_age1624_walk_work,coef_age1624_walk_univ,coef_age1624_walk_school,coef_age1624_walk_maint,coef_age1624_walk_maint,coef_age1624_walk_maint,coef_age1624_walk_disc,coef_age1624_walk_disc,coef_age1624_walk_disc,coef_zero
coef_age4155_walk,coef_age4155_walk_work,coef_age4155_walk_univ,coef_age4155_walk_school,coef_age4155_walk_maint,coef_age4155_walk_maint,coef_age4155_walk_maint,coef_age4155_walk_disc,coef_age4155_walk_disc,coef_age4155_walk_disc,coef_zero
coef_age5664_walk,coef_age5664_walk_work,coef_age5664_walk_univ,coef_age5664_walk_school,coef_age5664_walk_maint,coef_age5664_walk_maint,coef_age5664_walk_maint,coef_age5664_walk_disc,coef_age5664_walk_disc,coef_age5664_walk_disc,coef_zero
coef_age65pl_walk,coef_age65pl_walk_work,coef_age65pl_walk_univ,coef_age65pl_walk_school,coef_age65pl_walk_maint,coef_age65pl_walk_maint,coef_age65pl_walk_maint,coef_age65pl_walk_disc,coef_age65pl_walk_disc,coef_age65pl_walk_disc,coef_zero
coef_female_walk,coef_female_walk_work,coef_female_walk_univ,coef_female_walk_school,coef_female_walk_maint,coef_female_walk_maint,coef_female_walk_maint,coef_female_walk_disc,coef_female_walk_disc,coef_female_walk_disc,coef_zero
coef_inc60100_walk,coef_inc60100_walk_work,coef_inc60100_walk_univ,coef_inc60100_walk_school,coef_inc60100_walk_maint,coef_inc60100_walk_maint,coef_inc60100_walk_maint,coef_inc60100_walk_disc,coef_inc60100_walk_disc,coef_inc60100_walk_disc,coef_zero
coef_LUnorm_walk,coef_LUnorm_walk_work,coef_LUnorm_walk_univ,coef_LUnorm_walk_school,coef_LUnorm_walk_maint,coef_LUnorm_walk_maint,coef_LUnorm_walk_maint,coef_LUnorm_walk_disc,coef_LUnorm_walk_disc,coef_LUnorm_walk_disc,coef_zero
coef_dEmpNorm_walk,coef_dEmpNorm_walk_work,coef_dEmpNorm_walk_univ,coef_dEmpNorm_walk_school,coef_dEmpNorm_walk_maint,coef_dEmpNorm_walk_maint,coef_dEmpNorm_walk_maint,coef_dEmpNorm_walk_disc,coef_dEmpNorm_walk_disc,coef_dEmpNorm_walk_disc,coef_zero
coef_female_schb,coef_zero,coef_zero,coef_female_schb_school,coef_zero,coef_zero,coef_zero,coef_zero,coef_zero,coef_zero,coef_zero
coef_age0105_schb,coef_zero,coef_zero,coef_female_schb_school,coef_zero,coef_zero,coef_zero,coef_zero,coef_zero,coef_zero,coef_zero
coef_age0105_nmot,coef_zero,coef_zero,coef_age0105_schb_school,coef_zero,coef_zero,coef_zero,coef_zero,coef_zero,coef_zero,coef_zero
coef_age0105_tran,coef_zero,coef_zero,coef_age0105_nmot_school,coef_zero,coef_zero,coef_zero,coef_zero,coef_zero,coef_zero,coef_zero
coef_age0612_schb,coef_zero,coef_zero,coef_age0105_tran_school,coef_zero,coef_zero,coef_zero,coef_zero,coef_zero,coef_zero,coef_zero
coef_age0612_nmot,coef_zero,coef_zero,coef_age0612_schb_school,coef_zero,coef_zero,coef_zero,coef_zero,coef_zero,coef_zero,coef_zero
coef_age0612_tran,coef_zero,coef_zero,coef_age0612_nmot_school,coef_zero,coef_zero,coef_zero,coef_zero,coef_zero,coef_zero,coef_zero
coef_age1315_schb,coef_zero,coef_zero,coef_age0612_tran_school,coef_zero,coef_zero,coef_zero,coef_zero,coef_zero,coef_zero,coef_zero
coef_age1315_nmot,coef_zero,coef_zero,coef_age1315_schb_school,coef_zero,coef_zero,coef_zero,coef_zero,coef_zero,coef_zero,coef_zero
coef_age1315_tran,coef_zero,coef_zero,coef_age1315_nmot_school,coef_zero,coef_zero,coef_zero,coef_zero,coef_zero,coef_zero,coef_zero
coef_beachParkBikeConstant,coef_zero,coef_zero,coef_zero,coef_zero,coef_zero,coef_zero,coef_beachParkBikeConstant,coef_beachParkBikeConstant,coef_beachParkBikeConstant,coef_zero
#,,,,,,,,,,
coef_calib_parkingconst_WLK_TRANSIT,coef_calib_parkingconst_WLK_TRANSIT_work,coef_calib_parkingconst_WLK_TRANSIT_univ,coef_calib_parkingconst_WLK_TRANSIT_school,coef_calib_parkingconst_WLK_TRANSIT_maint,coef_calib_parkingconst_WLK_TRANSIT_maint,coef_calib_parkingconst_WLK_TRANSIT_maint,coef_calib_parkingconst_WLK_TRANSIT_disc,coef_calib_parkingconst_WLK_TRANSIT_disc,coef_calib_parkingconst_WLK_TRANSIT_disc,coef_calib_parkingconst_WLK_TRANSIT_atwork
coef_calib_parkingconst_DRV_TRANSIT,coef_calib_parkingconst_DRV_TRANSIT_work,coef_calib_parkingconst_DRV_TRANSIT_univ,coef_calib_parkingconst_DRV_TRANSIT_school,coef_calib_parkingconst_DRV_TRANSIT_maint,coef_calib_parkingconst_DRV_TRANSIT_maint,coef_calib_parkingconst_DRV_TRANSIT_maint,coef_calib_parkingconst_DRV_TRANSIT_disc,coef_calib_parkingconst_DRV_TRANSIT_disc,coef_calib_parkingconst_DRV_TRANSIT_disc,coef_calib_parkingconst_DRV_TRANSIT_atwork
coef_calib_probikedistrict_BIKE,coef_calib_probikedistrict_BIKE_work,coef_calib_probikedistrict_BIKE_univ,coef_calib_probikedistrict_BIKE_school,coef_calib_probikedistrict_BIKE_maint,coef_calib_probikedistrict_BIKE_maint,coef_calib_probikedistrict_BIKE_maint,coef_calib_probikedistrict_BIKE_disc,coef_calib_probikedistrict_BIKE_disc,coef_calib_probikedistrict_BIKE_disc,coef_calib_probikedistrict_BIKE_atwork
#coef_calib_autodeficienthh_SHARED2,coef_calib_autodeficienthh_SHARED2_work,coef_calib_autodeficienthh_SHARED2_univ,coef_calib_autodeficienthh_SHARED2_school,coef_zero,coef_zero,coef_zero,coef_zero,coef_zero,coef_zero,coef_calib_autodeficienthh_SHARED2_atwork
#coef_calib_autodeficienthh_SHARED3,coef_calib_autodeficienthh_SHARED3_work,coef_calib_autodeficienthh_SHARED3_univ,coef_calib_autodeficienthh_SHARED3_school,coef_zero,coef_zero,coef_zero,coef_zero,coef_zero,coef_zero,coef_calib_autodeficienthh_SHARED3_atwork
#coef_calib_autodeficienthh_WALK,coef_calib_autodeficienthh_WALK_work,coef_calib_autodeficienthh_WALK_univ,coef_calib_autodeficienthh_WALK_school,coef_zero,coef_zero,coef_zero,coef_zero,coef_zero,coef_zero,coef_calib_autodeficienthh_WALK_atwork
#coef_calib_autodeficienthh_BIKE,coef_calib_autodeficienthh_BIKE_work,coef_calib_autodeficienthh_BIKE_univ,coef_calib_autodeficienthh_BIKE_school,coef_zero,coef_zero,coef_zero,coef_zero,coef_zero,coef_zero,coef_calib_autodeficienthh_BIKE_atwork
#coef_calib_autodeficienthh_WALK_TRANSIT,coef_calib_autodeficienthh_WALK_TRANSIT_work,coef_calib_autodeficienthh_WALK_TRANSIT_univ,coef_calib_autodeficienthh_WALK_TRANSIT_school,coef_zero,coef_zero,coef_zero,coef_zero,coef_zero,coef_zero,coef_calib_autodeficienthh_WALK_TRANSIT_atwork
#coef_calib_autodeficienthh_PNR_TRANSIT,coef_calib_autodeficienthh_PNR_TRANSIT_work,coef_calib_autodeficienthh_PNR_TRANSIT_univ,coef_calib_autodeficienthh_PNR_TRANSIT_school,coef_zero,coef_zero,coef_zero,coef_zero,coef_zero,coef_zero,coef_calib_autodeficienthh_PNR_TRANSIT_atwork
#coef_calib_autodeficienthh_KNR_TRANSIT,coef_calib_autodeficienthh_KNR_TRANSIT_work,coef_calib_autodeficienthh_KNR_TRANSIT_univ,coef_calib_autodeficienthh_KNR_TRANSIT_school,coef_zero,coef_zero,coef_zero,coef_zero,coef_zero,coef_zero,coef_calib_autodeficienthh_KNR_TRANSIT_atwork
#coef_calib_autodeficienthh_TNC_TRANSIT,coef_calib_autodeficienthh_TNC_TRANSIT_work,coef_calib_autodeficienthh_TNC_TRANSIT_univ,coef_calib_autodeficienthh_TNC_TRANSIT_school,coef_zero,coef_zero,coef_zero,coef_zero,coef_zero,coef_zero,coef_calib_autodeficienthh_TNC_TRANSIT_atwork
#coef_calib_autodeficienthh_TAXI,coef_calib_autodeficienthh_TAXI_work,coef_calib_autodeficienthh_TAXI_univ,coef_calib_autodeficienthh_TAXI_school,coef_zero,coef_zero,coef_zero,coef_zero,coef_zero,coef_zero,coef_calib_autodeficienthh_TAXI_atwork
#coef_calib_autodeficienthh_TNC_SINGLE,coef_calib_autodeficienthh_TNC_SINGLE_work,coef_calib_autodeficienthh_TNC_SINGLE_univ,coef_calib_autodeficienthh_TNC_SINGLE_school,coef_zero,coef_zero,coef_zero,coef_zero,coef_zero,coef_zero,coef_calib_autodeficienthh_TNC_SINGLE_atwork
#coef_calib_autodeficienthh_TNC_SHARED,coef_calib_autodeficienthh_TNC_SHARED_work,coef_calib_autodeficienthh_TNC_SHARED_univ,coef_calib_autodeficienthh_TNC_SHARED_school,coef_zero,coef_zero,coef_zero,coef_zero,coef_zero,coef_zero,coef_calib_autodeficienthh_TNC_SHARED_atwork
#coef_calib_autodeficienthh_SCH_BUS,coef_zero,coef_zero,coef_calib_autodeficienthh_SCH_BUS_school,coef_zero,coef_zero,coef_zero,coef_zero,coef_zero,coef_zero,coef_zero
coef_calib_autodeficienthhind_SCH_BUS,coef_zero,coef_zero,coef_calib_autodeficienthhind_SCH_BUS_school,coef_zero,coef_zero,coef_zero,coef_zero,coef_zero,coef_zero,coef_zero
coef_calib_autodeficienthhind_SHARED2,coef_calib_autodeficienthhind_SHARED2_work,coef_calib_autodeficienthhind_SHARED2_univ,coef_calib_autodeficienthhind_SHARED2_school,coef_calib_autodeficienthhind_SHARED2_maint,coef_calib_autodeficienthhind_SHARED2_maint,coef_calib_autodeficienthhind_SHARED2_maint,coef_calib_autodeficienthhind_SHARED2_disc,coef_calib_autodeficienthhind_SHARED2_disc,coef_calib_autodeficienthhind_SHARED2_disc,coef_calib_autodeficienthhind_SHARED2_atwork
coef_calib_autodeficienthhind_SHARED3,coef_calib_autodeficienthhind_SHARED3_work,coef_calib_autodeficienthhind_SHARED3_univ,coef_calib_autodeficienthhind_SHARED3_school,coef_calib_autodeficienthhind_SHARED3_maint,coef_calib_autodeficienthhind_SHARED3_maint,coef_calib_autodeficienthhind_SHARED3_maint,coef_calib_autodeficienthhind_SHARED3_disc,coef_calib_autodeficienthhind_SHARED3_disc,coef_calib_autodeficienthhind_SHARED3_disc,coef_calib_autodeficienthhind_SHARED3_atwork
coef_calib_autodeficienthhind_WALK,coef_calib_autodeficienthhind_WALK_work,coef_calib_autodeficienthhind_WALK_univ,coef_calib_autodeficienthhind_WALK_school,coef_calib_autodeficienthhind_WALK_maint,coef_calib_autodeficienthhind_WALK_maint,coef_calib_autodeficienthhind_WALK_maint,coef_calib_autodeficienthhind_WALK_disc,coef_calib_autodeficienthhind_WALK_disc,coef_calib_autodeficienthhind_WALK_disc,coef_calib_autodeficienthhind_WALK_atwork
coef_calib_autodeficienthhind_BIKE,coef_calib_autodeficienthhind_BIKE_work,coef_calib_autodeficienthhind_BIKE_univ,coef_calib_autodeficienthhind_BIKE_school,coef_calib_autodeficienthhind_BIKE_maint,coef_calib_autodeficienthhind_BIKE_maint,coef_calib_autodeficienthhind_BIKE_maint,coef_calib_autodeficienthhind_BIKE_disc,coef_calib_autodeficienthhind_BIKE_disc,coef_calib_autodeficienthhind_BIKE_disc,coef_calib_autodeficienthhind_BIKE_atwork
coef_calib_autodeficienthhind_WALK_TRANSIT,coef_calib_autodeficienthhind_WALK_TRANSIT_work,coef_calib_autodeficienthhind_WALK_TRANSIT_univ,coef_calib_autodeficienthhind_WALK_TRANSIT_school,coef_calib_autodeficienthhind_WALK_TRANSIT_maint,coef_calib_autodeficienthhind_WALK_TRANSIT_maint,coef_calib_autodeficienthhind_WALK_TRANSIT_maint,coef_calib_autodeficienthhind_WALK_TRANSIT_disc,coef_calib_autodeficienthhind_WALK_TRANSIT_disc,coef_calib_autodeficienthhind_WALK_TRANSIT_disc,coef_calib_autodeficienthhind_WALK_TRANSIT_atwork
coef_calib_autodeficienthhind_PNR_TRANSIT,coef_calib_autodeficienthhind_PNR_TRANSIT_work,coef_calib_autodeficienthhind_PNR_TRANSIT_univ,coef_calib_autodeficienthhind_PNR_TRANSIT_school,coef_calib_autodeficienthhind_PNR_TRANSIT_maint,coef_calib_autodeficienthhind_PNR_TRANSIT_maint,coef_calib_autodeficienthhind_PNR_TRANSIT_maint,coef_calib_autodeficienthhind_PNR_TRANSIT_disc,coef_calib_autodeficienthhind_PNR_TRANSIT_disc,coef_calib_autodeficienthhind_PNR_TRANSIT_disc,coef_calib_autodeficienthhind_PNR_TRANSIT_atwork
coef_calib_autodeficienthhind_KNR_TRANSIT,coef_calib_autodeficienthhind_KNR_TRANSIT_work,coef_calib_autodeficienthhind_KNR_TRANSIT_univ,coef_calib_autodeficienthhind_KNR_TRANSIT_school,coef_calib_autodeficienthhind_KNR_TRANSIT_maint,coef_calib_autodeficienthhind_KNR_TRANSIT_maint,coef_calib_autodeficienthhind_KNR_TRANSIT_maint,coef_calib_autodeficienthhind_KNR_TRANSIT_disc,coef_calib_autodeficienthhind_KNR_TRANSIT_disc,coef_calib_autodeficienthhind_KNR_TRANSIT_disc,coef_calib_autodeficienthhind_KNR_TRANSIT_atwork
coef_calib_autodeficienthhind_TNC_TRANSIT,coef_calib_autodeficienthhind_TNC_TRANSIT_work,coef_calib_autodeficienthhind_TNC_TRANSIT_univ,coef_calib_autodeficienthhind_TNC_TRANSIT_school,coef_calib_autodeficienthhind_TNC_TRANSIT_maint,coef_calib_autodeficienthhind_TNC_TRANSIT_maint,coef_calib_autodeficienthhind_TNC_TRANSIT_maint,coef_calib_autodeficienthhind_TNC_TRANSIT_disc,coef_calib_autodeficienthhind_TNC_TRANSIT_disc,coef_calib_autodeficienthhind_TNC_TRANSIT_disc,coef_calib_autodeficienthhind_TNC_TRANSIT_atwork
coef_calib_autodeficienthhind_TAXI,coef_calib_autodeficienthhind_TAXI_work,coef_calib_autodeficienthhind_TAXI_univ,coef_calib_autodeficienthhind_TAXI_school,coef_calib_autodeficienthhind_TAXI_maint,coef_calib_autodeficienthhind_TAXI_maint,coef_calib_autodeficienthhind_TAXI_maint,coef_calib_autodeficienthhind_TAXI_disc,coef_calib_autodeficienthhind_TAXI_disc,coef_calib_autodeficienthhind_TAXI_disc,coef_calib_autodeficienthhind_TAXI_atwork
coef_calib_autodeficienthhind_TNC_SINGLE,coef_calib_autodeficienthhind_TNC_SINGLE_work,coef_calib_autodeficienthhind_TNC_SINGLE_univ,coef_calib_autodeficienthhind_TNC_SINGLE_school,coef_calib_autodeficienthhind_TNC_SINGLE_maint,coef_calib_autodeficienthhind_TNC_SINGLE_maint,coef_calib_autodeficienthhind_TNC_SINGLE_maint,coef_calib_autodeficienthhind_TNC_SINGLE_disc,coef_calib_autodeficienthhind_TNC_SINGLE_disc,coef_calib_autodeficienthhind_TNC_SINGLE_disc,coef_calib_autodeficienthhind_TNC_SINGLE_atwork
coef_calib_autodeficienthhind_TNC_SHARED,coef_calib_autodeficienthhind_TNC_SHARED_work,coef_calib_autodeficienthhind_TNC_SHARED_univ,coef_calib_autodeficienthhind_TNC_SHARED_school,coef_calib_autodeficienthhind_TNC_SHARED_maint,coef_calib_autodeficienthhind_TNC_SHARED_maint,coef_calib_autodeficienthhind_TNC_SHARED_maint,coef_calib_autodeficienthhind_TNC_SHARED_disc,coef_calib_autodeficienthhind_TNC_SHARED_disc,coef_calib_autodeficienthhind_TNC_SHARED_disc,coef_calib_autodeficienthhind_TNC_SHARED_atwork
coef_calib_autodeficienthhind_EBIKE,coef_calib_autodeficienthhind_EBIKE_work,coef_calib_autodeficienthhind_EBIKE_univ,coef_calib_autodeficienthhind_EBIKE_school,coef_calib_autodeficienthhind_EBIKE_maint,coef_calib_autodeficienthhind_EBIKE_maint,coef_calib_autodeficienthhind_EBIKE_maint,coef_calib_autodeficienthhind_EBIKE_disc,coef_calib_autodeficienthhind_EBIKE_disc,coef_calib_autodeficienthhind_EBIKE_disc,coef_calib_autodeficienthhind_EBIKE_atwork
coef_calib_autodeficienthhind_ESCOOTER,coef_calib_autodeficienthhind_ESCOOTER_work,coef_calib_autodeficienthhind_ESCOOTER_univ,coef_calib_autodeficienthhind_ESCOOTER_school,coef_calib_autodeficienthhind_ESCOOTER_maint,coef_calib_autodeficienthhind_ESCOOTER_maint,coef_calib_autodeficienthhind_ESCOOTER_maint,coef_calib_autodeficienthhind_ESCOOTER_disc,coef_calib_autodeficienthhind_ESCOOTER_disc,coef_calib_autodeficienthhind_ESCOOTER_disc,coef_calib_autodeficienthhind_ESCOOTER_atwork
#coef_calib_autodeficienthhjoi_SHARED2,coef_zero,coef_zero,coef_zero,coef_calib_autodeficienthhjoi_SHARED2_maint,coef_calib_autodeficienthhjoi_SHARED2_maint,coef_calib_autodeficienthhjoi_SHARED2_maint,coef_calib_autodeficienthhjoi_SHARED2_disc,coef_calib_autodeficienthhjoi_SHARED2_disc,coef_calib_autodeficienthhjoi_SHARED2_disc,coef_zero
coef_calib_autodeficienthhjoi_SHARED3,coef_zero,coef_zero,coef_zero,coef_calib_autodeficienthhjoi_SHARED3_maint,coef_calib_autodeficienthhjoi_SHARED3_maint,coef_calib_autodeficienthhjoi_SHARED3_maint,coef_calib_autodeficienthhjoi_SHARED3_disc,coef_calib_autodeficienthhjoi_SHARED3_disc,coef_calib_autodeficienthhjoi_SHARED3_disc,coef_zero
coef_calib_autodeficienthhjoi_WALK,coef_zero,coef_zero,coef_zero,coef_calib_autodeficienthhjoi_WALK_maint,coef_calib_autodeficienthhjoi_WALK_maint,coef_calib_autodeficienthhjoi_WALK_maint,coef_calib_autodeficienthhjoi_WALK_disc,coef_calib_autodeficienthhjoi_WALK_disc,coef_calib_autodeficienthhjoi_WALK_disc,coef_zero
coef_calib_autodeficienthhjoi_BIKE,coef_zero,coef_zero,coef_zero,coef_calib_autodeficienthhjoi_BIKE_maint,coef_calib_autodeficienthhjoi_BIKE_maint,coef_calib_autodeficienthhjoi_BIKE_maint,coef_calib_autodeficienthhjoi_BIKE_disc,coef_calib_autodeficienthhjoi_BIKE_disc,coef_calib_autodeficienthhjoi_BIKE_disc,coef_zero
coef_calib_autodeficienthhjoi_WALK_TRANSIT,coef_zero,coef_zero,coef_zero,coef_calib_autodeficienthhjoi_WALK_TRANSIT_maint,coef_calib_autodeficienthhjoi_WALK_TRANSIT_maint,coef_calib_autodeficienthhjoi_WALK_TRANSIT_maint,coef_calib_autodeficienthhjoi_WALK_TRANSIT_disc,coef_calib_autodeficienthhjoi_WALK_TRANSIT_disc,coef_calib_autodeficienthhjoi_WALK_TRANSIT_disc,coef_zero
coef_calib_autodeficienthhjoi_PNR_TRANSIT,coef_zero,coef_zero,coef_zero,coef_calib_autodeficienthhjoi_PNR_TRANSIT_maint,coef_calib_autodeficienthhjoi_PNR_TRANSIT_maint,coef_calib_autodeficienthhjoi_PNR_TRANSIT_maint,coef_calib_autodeficienthhjoi_PNR_TRANSIT_disc,coef_calib_autodeficienthhjoi_PNR_TRANSIT_disc,coef_calib_autodeficienthhjoi_PNR_TRANSIT_disc,coef_zero
coef_calib_autodeficienthhjoi_KNR_TRANSIT,coef_zero,coef_zero,coef_zero,coef_calib_autodeficienthhjoi_KNR_TRANSIT_maint,coef_calib_autodeficienthhjoi_KNR_TRANSIT_maint,coef_calib_autodeficienthhjoi_KNR_TRANSIT_maint,coef_calib_autodeficienthhjoi_KNR_TRANSIT_disc,coef_calib_autodeficienthhjoi_KNR_TRANSIT_disc,coef_calib_autodeficienthhjoi_KNR_TRANSIT_disc,coef_zero
coef_calib_autodeficienthhjoi_TNC_TRANSIT,coef_zero,coef_zero,coef_zero,coef_calib_autodeficienthhjoi_TNC_TRANSIT_maint,coef_calib_autodeficienthhjoi_TNC_TRANSIT_maint,coef_calib_autodeficienthhjoi_TNC_TRANSIT_maint,coef_calib_autodeficienthhjoi_TNC_TRANSIT_disc,coef_calib_autodeficienthhjoi_TNC_TRANSIT_disc,coef_calib_autodeficienthhjoi_TNC_TRANSIT_disc,coef_zero
coef_calib_autodeficienthhjoi_TAXI,coef_zero,coef_zero,coef_zero,coef_calib_autodeficienthhjoi_TAXI_maint,coef_calib_autodeficienthhjoi_TAXI_maint,coef_calib_autodeficienthhjoi_TAXI_maint,coef_calib_autodeficienthhjoi_TAXI_disc,coef_calib_autodeficienthhjoi_TAXI_disc,coef_calib_autodeficienthhjoi_TAXI_disc,coef_zero
coef_calib_autodeficienthhjoi_TNC_SINGLE,coef_zero,coef_zero,coef_zero,coef_calib_autodeficienthhjoi_TNC_SINGLE_maint,coef_calib_autodeficienthhjoi_TNC_SINGLE_maint,coef_calib_autodeficienthhjoi_TNC_SINGLE_maint,coef_calib_autodeficienthhjoi_TNC_SINGLE_disc,coef_calib_autodeficienthhjoi_TNC_SINGLE_disc,coef_calib_autodeficienthhjoi_TNC_SINGLE_disc,coef_zero
coef_calib_autodeficienthhjoi_TNC_SHARED,coef_zero,coef_zero,coef_zero,coef_calib_autodeficienthhjoi_TNC_SHARED_maint,coef_calib_autodeficienthhjoi_TNC_SHARED_maint,coef_calib_autodeficienthhjoi_TNC_SHARED_maint,coef_calib_autodeficienthhjoi_TNC_SHARED_disc,coef_calib_autodeficienthhjoi_TNC_SHARED_disc,coef_calib_autodeficienthhjoi_TNC_SHARED_disc,coef_zero
coef_calib_autodeficienthhjoi_EBIKE,coef_zero,coef_zero,coef_zero,coef_calib_autodeficienthhjoi_EBIKE_maint,coef_calib_autodeficienthhjoi_EBIKE_maint,coef_calib_autodeficienthhjoi_EBIKE_maint,coef_calib_autodeficienthhjoi_EBIKE_disc,coef_calib_autodeficienthhjoi_EBIKE_disc,coef_calib_autodeficienthhjoi_EBIKE_disc,coef_zero
coef_calib_autodeficienthhjoi_ESCOOTER,coef_zero,coef_zero,coef_zero,coef_calib_autodeficienthhjoi_ESCOOTER_maint,coef_calib_autodeficienthhjoi_ESCOOTER_maint,coef_calib_autodeficienthhjoi_ESCOOTER_maint,coef_calib_autodeficienthhjoi_ESCOOTER_disc,coef_calib_autodeficienthhjoi_ESCOOTER_disc,coef_calib_autodeficienthhjoi_ESCOOTER_disc,coef_zero
#coef_calib_autosufficienthh_SHARED2,coef_calib_autosufficienthh_SHARED2_work,coef_calib_autosufficienthh_SHARED2_univ,coef_calib_autosufficienthh_SHARED2_school,coef_zero,coef_zero,coef_zero,coef_zero,coef_zero,coef_zero,coef_calib_autosufficienthh_SHARED2_atwork
#coef_calib_autosufficienthh_SHARED3,coef_calib_autosufficienthh_SHARED3_work,coef_calib_autosufficienthh_SHARED3_univ,coef_calib_autosufficienthh_SHARED3_school,coef_zero,coef_zero,coef_zero,coef_zero,coef_zero,coef_zero,coef_calib_autosufficienthh_SHARED3_atwork
#coef_calib_autosufficienthh_WALK,coef_calib_autosufficienthh_WALK_work,coef_calib_autosufficienthh_WALK_univ,coef_calib_autosufficienthh_WALK_school,coef_zero,coef_zero,coef_zero,coef_zero,coef_zero,coef_zero,coef_calib_autosufficienthh_WALK_atwork
#coef_calib_autosufficienthh_BIKE,coef_calib_autosufficienthh_BIKE_work,coef_calib_autosufficienthh_BIKE_univ,coef_calib_autosufficienthh_BIKE_school,coef_zero,coef_zero,coef_zero,coef_zero,coef_zero,coef_zero,coef_calib_autosufficienthh_BIKE_atwork
#coef_calib_autosufficienthh_WALK_TRANSIT,coef_calib_autosufficienthh_WALK_TRANSIT_work,coef_calib_autosufficienthh_WALK_TRANSIT_univ,coef_calib_autosufficienthh_WALK_TRANSIT_school,coef_zero,coef_zero,coef_zero,coef_zero,coef_zero,coef_zero,coef_calib_autosufficienthh_WALK_TRANSIT_atwork
#coef_calib_autosufficienthh_PNR_TRANSIT,coef_calib_autosufficienthh_PNR_TRANSIT_work,coef_calib_autosufficienthh_PNR_TRANSIT_univ,coef_calib_autosufficienthh_PNR_TRANSIT_school,coef_zero,coef_zero,coef_zero,coef_zero,coef_zero,coef_zero,coef_calib_autosufficienthh_PNR_TRANSIT_atwork
#coef_calib_autosufficienthh_KNR_TRANSIT,coef_calib_autosufficienthh_KNR_TRANSIT_work,coef_calib_autosufficienthh_KNR_TRANSIT_univ,coef_calib_autosufficienthh_KNR_TRANSIT_school,coef_zero,coef_zero,coef_zero,coef_zero,coef_zero,coef_zero,coef_calib_autosufficienthh_KNR_TRANSIT_atwork
#coef_calib_autosufficienthh_TNC_TRANSIT,coef_calib_autosufficienthh_TNC_TRANSIT_work,coef_calib_autosufficienthh_TNC_TRANSIT_univ,coef_calib_autosufficienthh_TNC_TRANSIT_school,coef_zero,coef_zero,coef_zero,coef_zero,coef_zero,coef_zero,coef_calib_autosufficienthh_TNC_TRANSIT_atwork
#coef_calib_autosufficienthh_TAXI,coef_calib_autosufficienthh_TAXI_work,coef_calib_autosufficienthh_TAXI_univ,coef_calib_autosufficienthh_TAXI_school,coef_zero,coef_zero,coef_zero,coef_zero,coef_zero,coef_zero,coef_calib_autosufficienthh_TAXI_atwork
#coef_calib_autosufficienthh_TNC_SINGLE,coef_calib_autosufficienthh_TNC_SINGLE_work,coef_calib_autosufficienthh_TNC_SINGLE_univ,coef_calib_autosufficienthh_TNC_SINGLE_school,coef_zero,coef_zero,coef_zero,coef_zero,coef_zero,coef_zero,coef_calib_autosufficienthh_TNC_SINGLE_atwork
#coef_calib_autosufficienthh_TNC_SHARED,coef_calib_autosufficienthh_TNC_SHARED_work,coef_calib_autosufficienthh_TNC_SHARED_univ,coef_calib_autosufficienthh_TNC_SHARED_school,coef_zero,coef_zero,coef_zero,coef_zero,coef_zero,coef_zero,coef_calib_autosufficienthh_TNC_SHARED_atwork
#coef_calib_autosufficienthh_SCH_BUS,coef_zero,coef_zero,coef_calib_autosufficienthh_SCH_BUS_school,coef_zero,coef_zero,coef_zero,coef_zero,coef_zero,coef_zero,coef_zero
coef_calib_autosufficienthhin_SCH_BUS,coef_zero,coef_zero,coef_calib_autosufficienthhin_SCH_BUS_school,coef_zero,coef_zero,coef_zero,coef_zero,coef_zero,coef_zero,coef_zero
coef_calib_autosufficienthhin_SHARED2,coef_calib_autosufficienthhin_SHARED2_work,coef_calib_autosufficienthhin_SHARED2_univ,coef_calib_autosufficienthhin_SHARED2_school,coef_calib_autosufficienthhin_SHARED2_maint,coef_calib_autosufficienthhin_SHARED2_maint,coef_calib_autosufficienthhin_SHARED2_maint,coef_calib_autosufficienthhin_SHARED2_disc,coef_calib_autosufficienthhin_SHARED2_disc,coef_calib_autosufficienthhin_SHARED2_disc,coef_calib_autosufficienthhin_SHARED2_atwork
coef_calib_autosufficienthhin_SHARED3,coef_calib_autosufficienthhin_SHARED3_work,coef_calib_autosufficienthhin_SHARED3_univ,coef_calib_autosufficienthhin_SHARED3_school,coef_calib_autosufficienthhin_SHARED3_maint,coef_calib_autosufficienthhin_SHARED3_maint,coef_calib_autosufficienthhin_SHARED3_maint,coef_calib_autosufficienthhin_SHARED3_disc,coef_calib_autosufficienthhin_SHARED3_disc,coef_calib_autosufficienthhin_SHARED3_disc,coef_calib_autosufficienthhin_SHARED3_atwork
coef_calib_autosufficienthhin_WALK,coef_calib_autosufficienthhin_WALK_work,coef_calib_autosufficienthhin_WALK_univ,coef_calib_autosufficienthhin_WALK_school,coef_calib_autosufficienthhin_WALK_maint,coef_calib_autosufficienthhin_WALK_maint,coef_calib_autosufficienthhin_WALK_maint,coef_calib_autosufficienthhin_WALK_disc,coef_calib_autosufficienthhin_WALK_disc,coef_calib_autosufficienthhin_WALK_disc,coef_calib_autosufficienthhin_WALK_atwork
coef_calib_autosufficienthhin_BIKE,coef_calib_autosufficienthhin_BIKE_work,coef_calib_autosufficienthhin_BIKE_univ,coef_calib_autosufficienthhin_BIKE_school,coef_calib_autosufficienthhin_BIKE_maint,coef_calib_autosufficienthhin_BIKE_maint,coef_calib_autosufficienthhin_BIKE_maint,coef_calib_autosufficienthhin_BIKE_disc,coef_calib_autosufficienthhin_BIKE_disc,coef_calib_autosufficienthhin_BIKE_disc,coef_calib_autosufficienthhin_BIKE_atwork
coef_calib_autosufficienthhin_WALK_TRANSIT,coef_calib_autosufficienthhin_WALK_TRANSIT_work,coef_calib_autosufficienthhin_WALK_TRANSIT_univ,coef_calib_autosufficienthhin_WALK_TRANSIT_school,coef_calib_autosufficienthhin_WALK_TRANSIT_maint,coef_calib_autosufficienthhin_WALK_TRANSIT_maint,coef_calib_autosufficienthhin_WALK_TRANSIT_maint,coef_calib_autosufficienthhin_WALK_TRANSIT_disc,coef_calib_autosufficienthhin_WALK_TRANSIT_disc,coef_calib_autosufficienthhin_WALK_TRANSIT_disc,coef_calib_autosufficienthhin_WALK_TRANSIT_atwork
coef_calib_autosufficienthhin_PNR_TRANSIT,coef_calib_autosufficienthhin_PNR_TRANSIT_work,coef_calib_autosufficienthhin_PNR_TRANSIT_univ,coef_calib_autosufficienthhin_PNR_TRANSIT_school,coef_calib_autosufficienthhin_PNR_TRANSIT_maint,coef_calib_autosufficienthhin_PNR_TRANSIT_maint,coef_calib_autosufficienthhin_PNR_TRANSIT_maint,coef_calib_autosufficienthhin_PNR_TRANSIT_disc,coef_calib_autosufficienthhin_PNR_TRANSIT_disc,coef_calib_autosufficienthhin_PNR_TRANSIT_disc,coef_calib_autosufficienthhin_PNR_TRANSIT_atwork
coef_calib_autosufficienthhin_KNR_TRANSIT,coef_calib_autosufficienthhin_KNR_TRANSIT_work,coef_calib_autosufficienthhin_KNR_TRANSIT_univ,coef_calib_autosufficienthhin_KNR_TRANSIT_school,coef_calib_autosufficienthhin_KNR_TRANSIT_maint,coef_calib_autosufficienthhin_KNR_TRANSIT_maint,coef_calib_autosufficienthhin_KNR_TRANSIT_maint,coef_calib_autosufficienthhin_KNR_TRANSIT_disc,coef_calib_autosufficienthhin_KNR_TRANSIT_disc,coef_calib_autosufficienthhin_KNR_TRANSIT_disc,coef_calib_autosufficienthhin_KNR_TRANSIT_atwork
coef_calib_autosufficienthhin_TNC_TRANSIT,coef_calib_autosufficienthhin_TNC_TRANSIT_work,coef_calib_autosufficienthhin_TNC_TRANSIT_univ,coef_calib_autosufficienthhin_TNC_TRANSIT_school,coef_calib_autosufficienthhin_TNC_TRANSIT_maint,coef_calib_autosufficienthhin_TNC_TRANSIT_maint,coef_calib_autosufficienthhin_TNC_TRANSIT_maint,coef_calib_autosufficienthhin_TNC_TRANSIT_disc,coef_calib_autosufficienthhin_TNC_TRANSIT_disc,coef_calib_autosufficienthhin_TNC_TRANSIT_disc,coef_calib_autosufficienthhin_TNC_TRANSIT_atwork
coef_calib_autosufficienthhin_TAXI,coef_calib_autosufficienthhin_TAXI_work,coef_calib_autosufficienthhin_TAXI_univ,coef_calib_autosufficienthhin_TAXI_school,coef_calib_autosufficienthhin_TAXI_maint,coef_calib_autosufficienthhin_TAXI_maint,coef_calib_autosufficienthhin_TAXI_maint,coef_calib_autosufficienthhin_TAXI_disc,coef_calib_autosufficienthhin_TAXI_disc,coef_calib_autosufficienthhin_TAXI_disc,coef_calib_autosufficienthhin_TAXI_atwork
coef_calib_autosufficienthhin_TNC_SINGLE,coef_calib_autosufficienthhin_TNC_SINGLE_work,coef_calib_autosufficienthhin_TNC_SINGLE_univ,coef_calib_autosufficienthhin_TNC_SINGLE_school,coef_calib_autosufficienthhin_TNC_SINGLE_maint,coef_calib_autosufficienthhin_TNC_SINGLE_maint,coef_calib_autosufficienthhin_TNC_SINGLE_maint,coef_calib_autosufficienthhin_TNC_SINGLE_disc,coef_calib_autosufficienthhin_TNC_SINGLE_disc,coef_calib_autosufficienthhin_TNC_SINGLE_disc,coef_calib_autosufficienthhin_TNC_SINGLE_atwork
coef_calib_autosufficienthhin_TNC_SHARED,coef_calib_autosufficienthhin_TNC_SHARED_work,coef_calib_autosufficienthhin_TNC_SHARED_univ,coef_calib_autosufficienthhin_TNC_SHARED_school,coef_calib_autosufficienthhin_TNC_SHARED_maint,coef_calib_autosufficienthhin_TNC_SHARED_maint,coef_calib_autosufficienthhin_TNC_SHARED_maint,coef_calib_autosufficienthhin_TNC_SHARED_disc,coef_calib_autosufficienthhin_TNC_SHARED_disc,coef_calib_autosufficienthhin_TNC_SHARED_disc,coef_calib_autosufficienthhin_TNC_SHARED_atwork
coef_calib_autosufficienthhin_EBIKE,coef_calib_autosufficienthhin_EBIKE_work,coef_calib_autosufficienthhin_EBIKE_univ,coef_calib_autosufficienthhin_EBIKE_school,coef_calib_autosufficienthhin_EBIKE_maint,coef_calib_autosufficienthhin_EBIKE_maint,coef_calib_autosufficienthhin_EBIKE_maint,coef_calib_autosufficienthhin_EBIKE_disc,coef_calib_autosufficienthhin_EBIKE_disc,coef_calib_autosufficienthhin_EBIKE_disc,coef_calib_autosufficienthhin_EBIKE_atwork
coef_calib_autosufficienthhin_ESCOOTER,coef_calib_autosufficienthhin_ESCOOTER_work,coef_calib_autosufficienthhin_ESCOOTER_univ,coef_calib_autosufficienthhin_ESCOOTER_school,coef_calib_autosufficienthhin_ESCOOTER_maint,coef_calib_autosufficienthhin_ESCOOTER_maint,coef_calib_autosufficienthhin_ESCOOTER_maint,coef_calib_autosufficienthhin_ESCOOTER_disc,coef_calib_autosufficienthhin_ESCOOTER_disc,coef_calib_autosufficienthhin_ESCOOTER_disc,coef_calib_autosufficienthhin_ESCOOTER_atwork
#coef_calib_autosufficienthhjo_SHARED2,coef_zero,coef_zero,coef_zero,coef_calib_autosufficienthhjo_SHARED2_maint,coef_calib_autosufficienthhjo_SHARED2_maint,coef_calib_autosufficienthhjo_SHARED2_maint,coef_calib_autosufficienthhjo_SHARED2_disc,coef_calib_autosufficienthhjo_SHARED2_disc,coef_calib_autosufficienthhjo_SHARED2_disc,coef_zero
coef_calib_autosufficienthhjo_SHARED3,coef_zero,coef_zero,coef_zero,coef_calib_autosufficienthhjo_SHARED3_maint,coef_calib_autosufficienthhjo_SHARED3_maint,coef_calib_autosufficienthhjo_SHARED3_maint,coef_calib_autosufficienthhjo_SHARED3_disc,coef_calib_autosufficienthhjo_SHARED3_disc,coef_calib_autosufficienthhjo_SHARED3_disc,coef_zero
coef_calib_autosufficienthhjo_WALK,coef_zero,coef_zero,coef_zero,coef_calib_autosufficienthhjo_WALK_maint,coef_calib_autosufficienthhjo_WALK_maint,coef_calib_autosufficienthhjo_WALK_maint,coef_calib_autosufficienthhjo_WALK_disc,coef_calib_autosufficienthhjo_WALK_disc,coef_calib_autosufficienthhjo_WALK_disc,coef_zero
coef_calib_autosufficienthhjo_BIKE,coef_zero,coef_zero,coef_zero,coef_calib_autosufficienthhjo_BIKE_maint,coef_calib_autosufficienthhjo_BIKE_maint,coef_calib_autosufficienthhjo_BIKE_maint,coef_calib_autosufficienthhjo_BIKE_disc,coef_calib_autosufficienthhjo_BIKE_disc,coef_calib_autosufficienthhjo_BIKE_disc,coef_zero
coef_calib_autosufficienthhjo_WALK_TRANSIT,coef_zero,coef_zero,coef_zero,coef_calib_autosufficienthhjo_WALK_TRANSIT_maint,coef_calib_autosufficienthhjo_WALK_TRANSIT_maint,coef_calib_autosufficienthhjo_WALK_TRANSIT_maint,coef_calib_autosufficienthhjo_WALK_TRANSIT_disc,coef_calib_autosufficienthhjo_WALK_TRANSIT_disc,coef_calib_autosufficienthhjo_WALK_TRANSIT_disc,coef_zero
coef_calib_autosufficienthhjo_PNR_TRANSIT,coef_zero,coef_zero,coef_zero,coef_calib_autosufficienthhjo_PNR_TRANSIT_maint,coef_calib_autosufficienthhjo_PNR_TRANSIT_maint,coef_calib_autosufficienthhjo_PNR_TRANSIT_maint,coef_calib_autosufficienthhjo_PNR_TRANSIT_disc,coef_calib_autosufficienthhjo_PNR_TRANSIT_disc,coef_calib_autosufficienthhjo_PNR_TRANSIT_disc,coef_zero
coef_calib_autosufficienthhjo_KNR_TRANSIT,coef_zero,coef_zero,coef_zero,coef_calib_autosufficienthhjo_KNR_TRANSIT_maint,coef_calib_autosufficienthhjo_KNR_TRANSIT_maint,coef_calib_autosufficienthhjo_KNR_TRANSIT_maint,coef_calib_autosufficienthhjo_KNR_TRANSIT_disc,coef_calib_autosufficienthhjo_KNR_TRANSIT_disc,coef_calib_autosufficienthhjo_KNR_TRANSIT_disc,coef_zero
coef_calib_autosufficienthhjo_TNC_TRANSIT,coef_zero,coef_zero,coef_zero,coef_calib_autosufficienthhjo_TNC_TRANSIT_maint,coef_calib_autosufficienthhjo_TNC_TRANSIT_maint,coef_calib_autosufficienthhjo_TNC_TRANSIT_maint,coef_calib_autosufficienthhjo_TNC_TRANSIT_disc,coef_calib_autosufficienthhjo_TNC_TRANSIT_disc,coef_calib_autosufficienthhjo_TNC_TRANSIT_disc,coef_zero
coef_calib_autosufficienthhjo_TAXI,coef_zero,coef_zero,coef_zero,coef_calib_autosufficienthhjo_TAXI_maint,coef_calib_autosufficienthhjo_TAXI_maint,coef_calib_autosufficienthhjo_TAXI_maint,coef_calib_autosufficienthhjo_TAXI_disc,coef_calib_autosufficienthhjo_TAXI_disc,coef_calib_autosufficienthhjo_TAXI_disc,coef_zero
coef_calib_autosufficienthhjo_TNC_SINGLE,coef_zero,coef_zero,coef_zero,coef_calib_autosufficienthhjo_TNC_SINGLE_maint,coef_calib_autosufficienthhjo_TNC_SINGLE_maint,coef_calib_autosufficienthhjo_TNC_SINGLE_maint,coef_calib_autosufficienthhjo_TNC_SINGLE_disc,coef_calib_autosufficienthhjo_TNC_SINGLE_disc,coef_calib_autosufficienthhjo_TNC_SINGLE_disc,coef_zero
coef_calib_autosufficienthhjo_TNC_SHARED,coef_zero,coef_zero,coef_zero,coef_calib_autosufficienthhjo_TNC_SHARED_maint,coef_calib_autosufficienthhjo_TNC_SHARED_maint,coef_calib_autosufficienthhjo_TNC_SHARED_maint,coef_calib_autosufficienthhjo_TNC_SHARED_disc,coef_calib_autosufficienthhjo_TNC_SHARED_disc,coef_calib_autosufficienthhjo_TNC_SHARED_disc,coef_zero
coef_calib_autosufficienthhjo_EBIKE,coef_zero,coef_zero,coef_zero,coef_calib_autosufficienthhjo_EBIKE_maint,coef_calib_autosufficienthhjo_EBIKE_maint,coef_calib_autosufficienthhjo_EBIKE_maint,coef_calib_autosufficienthhjo_EBIKE_disc,coef_calib_autosufficienthhjo_EBIKE_disc,coef_calib_autosufficienthhjo_EBIKE_disc,coef_zero
coef_calib_autosufficienthhjo_ESCOOTER,coef_zero,coef_zero,coef_zero,coef_calib_autosufficienthhjo_ESCOOTER_maint,coef_calib_autosufficienthhjo_ESCOOTER_maint,coef_calib_autosufficienthhjo_ESCOOTER_maint,coef_calib_autosufficienthhjo_ESCOOTER_disc,coef_calib_autosufficienthhjo_ESCOOTER_disc,coef_calib_autosufficienthhjo_ESCOOTER_disc,coef_zero
coef_calib_civtebikeownership_BIKE,coef_calib_civtebikeownership_BIKE_work,coef_calib_civtebikeownership_BIKE_univ,coef_calib_civtebikeownership_BIKE_school,coef_calib_civtebikeownership_BIKE_maint,coef_calib_civtebikeownership_BIKE_maint,coef_calib_civtebikeownership_BIKE_maint,coef_calib_civtebikeownership_BIKE_disc,coef_calib_civtebikeownership_BIKE_disc,coef_calib_civtebikeownership_BIKE_disc,coef_calib_civtebikeownership_BIKE_atwork
coef_calib_distance_KNR_TRANSIT,coef_calib_distance_KNR_TRANSIT_work,coef_calib_distance_KNR_TRANSIT_univ,coef_calib_distance_KNR_TRANSIT_school,coef_calib_distance_KNR_TRANSIT_maint,coef_calib_distance_KNR_TRANSIT_maint,coef_calib_distance_KNR_TRANSIT_maint,coef_calib_distance_KNR_TRANSIT_disc,coef_calib_distance_KNR_TRANSIT_disc,coef_calib_distance_KNR_TRANSIT_disc,coef_calib_distance_KNR_TRANSIT_atwork
coef_calib_distance_TNC_TRANSIT,coef_calib_distance_TNC_TRANSIT_work,coef_calib_distance_TNC_TRANSIT_univ,coef_calib_distance_TNC_TRANSIT_school,coef_calib_distance_TNC_TRANSIT_maint,coef_calib_distance_TNC_TRANSIT_maint,coef_calib_distance_TNC_TRANSIT_maint,coef_calib_distance_TNC_TRANSIT_disc,coef_calib_distance_TNC_TRANSIT_disc,coef_calib_distance_TNC_TRANSIT_disc,coef_calib_distance_TNC_TRANSIT_atwork
coef_calib_distance_WALK_TRANSIT,coef_calib_distance_WALK_TRANSIT_work,coef_calib_distance_WALK_TRANSIT_univ,coef_calib_distance_WALK_TRANSIT_school,coef_calib_distance_WALK_TRANSIT_maint,coef_calib_distance_WALK_TRANSIT_maint,coef_calib_distance_WALK_TRANSIT_maint,coef_calib_distance_WALK_TRANSIT_disc,coef_calib_distance_WALK_TRANSIT_disc,coef_calib_distance_WALK_TRANSIT_disc,coef_calib_distance_WALK_TRANSIT_atwork
coef_calib_distance_PNR_TRANSIT,coef_calib_distance_PNR_TRANSIT_work,coef_calib_distance_PNR_TRANSIT_univ,coef_calib_distance_PNR_TRANSIT_school,coef_calib_distance_PNR_TRANSIT_maint,coef_calib_distance_PNR_TRANSIT_maint,coef_calib_distance_PNR_TRANSIT_maint,coef_calib_distance_PNR_TRANSIT_disc,coef_calib_distance_PNR_TRANSIT_disc,coef_calib_distance_PNR_TRANSIT_disc,coef_calib_distance_PNR_TRANSIT_atwork
coef_calib_escorttour_WALK,coef_zero,coef_zero,coef_zero,coef_calib_escorttour_WALK_maint,coef_calib_escorttour_WALK_maint,coef_calib_escorttour_WALK_maint,coef_zero,coef_zero,coef_zero,coef_zero
coef_calib_escorttour_BIKE,coef_zero,coef_zero,coef_zero,coef_calib_escorttour_BIKE_maint,coef_calib_escorttour_BIKE_maint,coef_calib_escorttour_BIKE_maint,coef_zero,coef_zero,coef_zero,coef_zero
coef_calib_escorttour_WALK_TRANSIT,coef_zero,coef_zero,coef_zero,coef_calib_escorttour_WALK_TRANSIT_maint,coef_calib_escorttour_WALK_TRANSIT_maint,coef_calib_escorttour_WALK_TRANSIT_maint,coef_zero,coef_zero,coef_zero,coef_zero
coef_calib_escorttour_PNR_TRANSIT,coef_zero,coef_zero,coef_zero,coef_calib_escorttour_PNR_TRANSIT_maint,coef_calib_escorttour_PNR_TRANSIT_maint,coef_calib_escorttour_PNR_TRANSIT_maint,coef_zero,coef_zero,coef_zero,coef_zero
coef_calib_escorttour_KNR_TRANSIT,coef_zero,coef_zero,coef_zero,coef_calib_escorttour_KNR_TRANSIT_maint,coef_calib_escorttour_KNR_TRANSIT_maint,coef_calib_escorttour_KNR_TRANSIT_maint,coef_zero,coef_zero,coef_zero,coef_zero
coef_calib_escorttour_TNC_TRANSIT,coef_zero,coef_zero,coef_zero,coef_calib_escorttour_TNC_TRANSIT_maint,coef_calib_escorttour_TNC_TRANSIT_maint,coef_calib_escorttour_TNC_TRANSIT_maint,coef_zero,coef_zero,coef_zero,coef_zero
#coef_calib_zeroautohh_DRIVEALONE,coef_calib_zeroautohh_DRIVEALONE_work,coef_calib_zeroautohh_DRIVEALONE_univ,coef_calib_zeroautohh_DRIVEALONE_school,coef_zero,coef_zero,coef_zero,coef_zero,coef_zero,coef_zero,coef_calib_zeroautohh_DRIVEALONE_atwork
#coef_calib_zeroautohh_SHARED2,coef_calib_zeroautohh_SHARED2_work,coef_calib_zeroautohh_SHARED2_univ,coef_calib_zeroautohh_SHARED2_school,coef_zero,coef_zero,coef_zero,coef_zero,coef_zero,coef_zero,coef_calib_zeroautohh_SHARED2_atwork
#coef_calib_zeroautohh_SHARED3,coef_calib_zeroautohh_SHARED3_work,coef_calib_zeroautohh_SHARED3_univ,coef_calib_zeroautohh_SHARED3_school,coef_zero,coef_zero,coef_zero,coef_zero,coef_zero,coef_zero,coef_calib_zeroautohh_SHARED3_atwork
#coef_calib_zeroautohh_WALK,coef_calib_zeroautohh_WALK_work,coef_calib_zeroautohh_WALK_univ,coef_calib_zeroautohh_WALK_school,coef_zero,coef_zero,coef_zero,coef_zero,coef_zero,coef_zero,coef_calib_zeroautohh_WALK_atwork
#coef_calib_zeroautohh_BIKE,coef_calib_zeroautohh_BIKE_work,coef_calib_zeroautohh_BIKE_univ,coef_calib_zeroautohh_BIKE_school,coef_zero,coef_zero,coef_zero,coef_zero,coef_zero,coef_zero,coef_calib_zeroautohh_BIKE_atwork
#coef_calib_zeroautohh_WALK_TRANSIT,coef_calib_zeroautohh_WALK_TRANSIT_work,coef_calib_zeroautohh_WALK_TRANSIT_univ,coef_calib_zeroautohh_WALK_TRANSIT_school,coef_zero,coef_zero,coef_zero,coef_zero,coef_zero,coef_zero,coef_calib_zeroautohh_WALK_TRANSIT_atwork
#coef_calib_zeroautohh_PNR_TRANSIT,coef_calib_zeroautohh_PNR_TRANSIT_work,coef_calib_zeroautohh_PNR_TRANSIT_univ,coef_calib_zeroautohh_PNR_TRANSIT_school,coef_zero,coef_zero,coef_zero,coef_zero,coef_zero,coef_zero,coef_calib_zeroautohh_PNR_TRANSIT_atwork
#coef_calib_zeroautohh_KNR_TRANSIT,coef_calib_zeroautohh_KNR_TRANSIT_work,coef_calib_zeroautohh_KNR_TRANSIT_univ,coef_calib_zeroautohh_KNR_TRANSIT_school,coef_zero,coef_zero,coef_zero,coef_zero,coef_zero,coef_zero,coef_calib_zeroautohh_KNR_TRANSIT_atwork
#coef_calib_zeroautohh_TNC_TRANSIT,coef_calib_zeroautohh_TNC_TRANSIT_work,coef_calib_zeroautohh_TNC_TRANSIT_univ,coef_calib_zeroautohh_TNC_TRANSIT_school,coef_zero,coef_zero,coef_zero,coef_zero,coef_zero,coef_zero,coef_calib_zeroautohh_TNC_TRANSIT_atwork
#coef_calib_zeroautohh_TAXI,coef_calib_zeroautohh_TAXI_work,coef_calib_zeroautohh_TAXI_univ,coef_calib_zeroautohh_TAXI_school,coef_zero,coef_zero,coef_zero,coef_zero,coef_zero,coef_zero,coef_calib_zeroautohh_TAXI_atwork
#coef_calib_zeroautohh_TNC_SINGLE,coef_calib_zeroautohh_TNC_SINGLE_work,coef_calib_zeroautohh_TNC_SINGLE_univ,coef_calib_zeroautohh_TNC_SINGLE_school,coef_zero,coef_zero,coef_zero,coef_zero,coef_zero,coef_zero,coef_calib_zeroautohh_TNC_SINGLE_atwork
#coef_calib_zeroautohh_TNC_SHARED,coef_calib_zeroautohh_TNC_SHARED_work,coef_calib_zeroautohh_TNC_SHARED_univ,coef_calib_zeroautohh_TNC_SHARED_school,coef_zero,coef_zero,coef_zero,coef_zero,coef_zero,coef_zero,coef_calib_zeroautohh_TNC_SHARED_atwork
#coef_calib_zeroautohh_SCH_BUS,coef_zero,coef_zero,coef_calib_zeroautohh_SCH_BUS_school,coef_zero,coef_zero,coef_zero,coef_zero,coef_zero,coef_zero,coef_zero
coef_calib_zeroautohhindivtou_SCH_BUS,coef_zero,coef_zero,coef_calib_zeroautohhindivtou_SCH_BUS_school,coef_zero,coef_zero,coef_zero,coef_zero,coef_zero,coef_zero,coef_zero
#coef_calib_zeroautohhindivtou_DRIVEALONE,coef_calib_zeroautohhindivtou_DRIVEALONE_work,coef_calib_zeroautohhindivtou_DRIVEALONE_univ,coef_calib_zeroautohhindivtou_DRIVEALONE_school,coef_calib_zeroautohhindivtou_DRIVEALONE_maint,coef_calib_zeroautohhindivtou_DRIVEALONE_maint,coef_calib_zeroautohhindivtou_DRIVEALONE_maint,coef_calib_zeroautohhindivtou_DRIVEALONE_disc,coef_calib_zeroautohhindivtou_DRIVEALONE_disc,coef_calib_zeroautohhindivtou_DRIVEALONE_disc,coef_calib_zeroautohhindivtou_DRIVEALONE_atwork
coef_calib_zeroautohhindivtou_SHARED2,coef_calib_zeroautohhindivtou_SHARED2_work,coef_calib_zeroautohhindivtou_SHARED2_univ,coef_calib_zeroautohhindivtou_SHARED2_school,coef_calib_zeroautohhindivtou_SHARED2_maint,coef_calib_zeroautohhindivtou_SHARED2_maint,coef_calib_zeroautohhindivtou_SHARED2_maint,coef_calib_zeroautohhindivtou_SHARED2_disc,coef_calib_zeroautohhindivtou_SHARED2_disc,coef_calib_zeroautohhindivtou_SHARED2_disc,coef_calib_zeroautohhindivtou_SHARED2_atwork
coef_calib_zeroautohhindivtou_SHARED3,coef_calib_zeroautohhindivtou_SHARED3_work,coef_calib_zeroautohhindivtou_SHARED3_univ,coef_calib_zeroautohhindivtou_SHARED3_school,coef_calib_zeroautohhindivtou_SHARED3_maint,coef_calib_zeroautohhindivtou_SHARED3_maint,coef_calib_zeroautohhindivtou_SHARED3_maint,coef_calib_zeroautohhindivtou_SHARED3_disc,coef_calib_zeroautohhindivtou_SHARED3_disc,coef_calib_zeroautohhindivtou_SHARED3_disc,coef_calib_zeroautohhindivtou_SHARED3_atwork
coef_calib_zeroautohhindivtou_WALK,coef_calib_zeroautohhindivtou_WALK_work,coef_calib_zeroautohhindivtou_WALK_univ,coef_calib_zeroautohhindivtou_WALK_school,coef_calib_zeroautohhindivtou_WALK_maint,coef_calib_zeroautohhindivtou_WALK_maint,coef_calib_zeroautohhindivtou_WALK_maint,coef_calib_zeroautohhindivtou_WALK_disc,coef_calib_zeroautohhindivtou_WALK_disc,coef_calib_zeroautohhindivtou_WALK_disc,coef_calib_zeroautohhindivtou_WALK_atwork
coef_calib_zeroautohhindivtou_BIKE,coef_calib_zeroautohhindivtou_BIKE_work,coef_calib_zeroautohhindivtou_BIKE_univ,coef_calib_zeroautohhindivtou_BIKE_school,coef_calib_zeroautohhindivtou_BIKE_maint,coef_calib_zeroautohhindivtou_BIKE_maint,coef_calib_zeroautohhindivtou_BIKE_maint,coef_calib_zeroautohhindivtou_BIKE_disc,coef_calib_zeroautohhindivtou_BIKE_disc,coef_calib_zeroautohhindivtou_BIKE_disc,coef_calib_zeroautohhindivtou_BIKE_atwork
coef_calib_zeroautohhindivtou_WALK_TRANSIT,coef_calib_zeroautohhindivtou_WALK_TRANSIT_work,coef_calib_zeroautohhindivtou_WALK_TRANSIT_univ,coef_calib_zeroautohhindivtou_WALK_TRANSIT_school,coef_calib_zeroautohhindivtou_WALK_TRANSIT_maint,coef_calib_zeroautohhindivtou_WALK_TRANSIT_maint,coef_calib_zeroautohhindivtou_WALK_TRANSIT_maint,coef_calib_zeroautohhindivtou_WALK_TRANSIT_disc,coef_calib_zeroautohhindivtou_WALK_TRANSIT_disc,coef_calib_zeroautohhindivtou_WALK_TRANSIT_disc,coef_calib_zeroautohhindivtou_WALK_TRANSIT_atwork
coef_calib_zeroautohhindivtou_PNR_TRANSIT,coef_calib_zeroautohhindivtou_PNR_TRANSIT_work,coef_calib_zeroautohhindivtou_PNR_TRANSIT_univ,coef_calib_zeroautohhindivtou_PNR_TRANSIT_school,coef_calib_zeroautohhindivtou_PNR_TRANSIT_maint,coef_calib_zeroautohhindivtou_PNR_TRANSIT_maint,coef_calib_zeroautohhindivtou_PNR_TRANSIT_maint,coef_calib_zeroautohhindivtou_PNR_TRANSIT_disc,coef_calib_zeroautohhindivtou_PNR_TRANSIT_disc,coef_calib_zeroautohhindivtou_PNR_TRANSIT_disc,coef_calib_zeroautohhindivtou_PNR_TRANSIT_atwork
coef_calib_zeroautohhindivtou_KNR_TRANSIT,coef_calib_zeroautohhindivtou_KNR_TRANSIT_work,coef_calib_zeroautohhindivtou_KNR_TRANSIT_univ,coef_calib_zeroautohhindivtou_KNR_TRANSIT_school,coef_calib_zeroautohhindivtou_KNR_TRANSIT_maint,coef_calib_zeroautohhindivtou_KNR_TRANSIT_maint,coef_calib_zeroautohhindivtou_KNR_TRANSIT_maint,coef_calib_zeroautohhindivtou_KNR_TRANSIT_disc,coef_calib_zeroautohhindivtou_KNR_TRANSIT_disc,coef_calib_zeroautohhindivtou_KNR_TRANSIT_disc,coef_calib_zeroautohhindivtou_KNR_TRANSIT_atwork
coef_calib_zeroautohhindivtou_TNC_TRANSIT,coef_calib_zeroautohhindivtou_TNC_TRANSIT_work,coef_calib_zeroautohhindivtou_TNC_TRANSIT_univ,coef_calib_zeroautohhindivtou_TNC_TRANSIT_school,coef_calib_zeroautohhindivtou_TNC_TRANSIT_maint,coef_calib_zeroautohhindivtou_TNC_TRANSIT_maint,coef_calib_zeroautohhindivtou_TNC_TRANSIT_maint,coef_calib_zeroautohhindivtou_TNC_TRANSIT_disc,coef_calib_zeroautohhindivtou_TNC_TRANSIT_disc,coef_calib_zeroautohhindivtou_TNC_TRANSIT_disc,coef_calib_zeroautohhindivtou_TNC_TRANSIT_atwork
coef_calib_zeroautohhindivtou_TAXI,coef_calib_zeroautohhindivtou_TAXI_work,coef_calib_zeroautohhindivtou_TAXI_univ,coef_calib_zeroautohhindivtou_TAXI_school,coef_calib_zeroautohhindivtou_TAXI_maint,coef_calib_zeroautohhindivtou_TAXI_maint,coef_calib_zeroautohhindivtou_TAXI_maint,coef_calib_zeroautohhindivtou_TAXI_disc,coef_calib_zeroautohhindivtou_TAXI_disc,coef_calib_zeroautohhindivtou_TAXI_disc,coef_calib_zeroautohhindivtou_TAXI_atwork
coef_calib_zeroautohhindivtou_TNC_SINGLE,coef_calib_zeroautohhindivtou_TNC_SINGLE_work,coef_calib_zeroautohhindivtou_TNC_SINGLE_univ,coef_calib_zeroautohhindivtou_TNC_SINGLE_school,coef_calib_zeroautohhindivtou_TNC_SINGLE_maint,coef_calib_zeroautohhindivtou_TNC_SINGLE_maint,coef_calib_zeroautohhindivtou_TNC_SINGLE_maint,coef_calib_zeroautohhindivtou_TNC_SINGLE_disc,coef_calib_zeroautohhindivtou_TNC_SINGLE_disc,coef_calib_zeroautohhindivtou_TNC_SINGLE_disc,coef_calib_zeroautohhindivtou_TNC_SINGLE_atwork
coef_calib_zeroautohhindivtou_TNC_SHARED,coef_calib_zeroautohhindivtou_TNC_SHARED_work,coef_calib_zeroautohhindivtou_TNC_SHARED_univ,coef_calib_zeroautohhindivtou_TNC_SHARED_school,coef_calib_zeroautohhindivtou_TNC_SHARED_maint,coef_calib_zeroautohhindivtou_TNC_SHARED_maint,coef_calib_zeroautohhindivtou_TNC_SHARED_maint,coef_calib_zeroautohhindivtou_TNC_SHARED_disc,coef_calib_zeroautohhindivtou_TNC_SHARED_disc,coef_calib_zeroautohhindivtou_TNC_SHARED_disc,coef_calib_zeroautohhindivtou_TNC_SHARED_atwork
coef_calib_zeroautohhindivtou_EBIKE,coef_calib_zeroautohhindivtou_EBIKE_work,coef_calib_zeroautohhindivtou_EBIKE_univ,coef_calib_zeroautohhindivtou_EBIKE_school,coef_calib_zeroautohhindivtou_EBIKE_maint,coef_calib_zeroautohhindivtou_EBIKE_maint,coef_calib_zeroautohhindivtou_EBIKE_maint,coef_calib_zeroautohhindivtou_EBIKE_disc,coef_calib_zeroautohhindivtou_EBIKE_disc,coef_calib_zeroautohhindivtou_EBIKE_disc,coef_calib_zeroautohhindivtou_EBIKE_atwork
coef_calib_zeroautohhindivtou_ESCOOTER,coef_calib_zeroautohhindivtou_ESCOOTER_work,coef_calib_zeroautohhindivtou_ESCOOTER_univ,coef_calib_zeroautohhindivtou_ESCOOTER_school,coef_calib_zeroautohhindivtou_ESCOOTER_maint,coef_calib_zeroautohhindivtou_ESCOOTER_maint,coef_calib_zeroautohhindivtou_ESCOOTER_maint,coef_calib_zeroautohhindivtou_ESCOOTER_disc,coef_calib_zeroautohhindivtou_ESCOOTER_disc,coef_calib_zeroautohhindivtou_ESCOOTER_disc,coef_calib_zeroautohhindivtou_ESCOOTER_atwork
#coef_calib_zeroautohhjointtou_DRIVEALONE,coef_zero,coef_zero,coef_zero,coef_calib_zeroautohhjointtou_DRIVEALONE_maint,coef_calib_zeroautohhjointtou_DRIVEALONE_maint,coef_calib_zeroautohhjointtou_DRIVEALONE_maint,coef_calib_zeroautohhjointtou_DRIVEALONE_disc,coef_calib_zeroautohhjointtou_DRIVEALONE_disc,coef_calib_zeroautohhjointtou_DRIVEALONE_disc,coef_zero
#coef_calib_zeroautohhjointtou_SHARED2,coef_zero,coef_zero,coef_zero,coef_calib_zeroautohhjointtou_SHARED2_maint,coef_calib_zeroautohhjointtou_SHARED2_maint,coef_calib_zeroautohhjointtou_SHARED2_maint,coef_calib_zeroautohhjointtou_SHARED2_disc,coef_calib_zeroautohhjointtou_SHARED2_disc,coef_calib_zeroautohhjointtou_SHARED2_disc,coef_zero
coef_calib_zeroautohhjointtou_SHARED3,coef_zero,coef_zero,coef_zero,coef_calib_zeroautohhjointtou_SHARED3_maint,coef_calib_zeroautohhjointtou_SHARED3_maint,coef_calib_zeroautohhjointtou_SHARED3_maint,coef_calib_zeroautohhjointtou_SHARED3_disc,coef_calib_zeroautohhjointtou_SHARED3_disc,coef_calib_zeroautohhjointtou_SHARED3_disc,coef_zero
coef_calib_zeroautohhjointtou_WALK,coef_zero,coef_zero,coef_zero,coef_calib_zeroautohhjointtou_WALK_maint,coef_calib_zeroautohhjointtou_WALK_maint,coef_calib_zeroautohhjointtou_WALK_maint,coef_calib_zeroautohhjointtou_WALK_disc,coef_calib_zeroautohhjointtou_WALK_disc,coef_calib_zeroautohhjointtou_WALK_disc,coef_zero
coef_calib_zeroautohhjointtou_BIKE,coef_zero,coef_zero,coef_zero,coef_calib_zeroautohhjointtou_BIKE_maint,coef_calib_zeroautohhjointtou_BIKE_maint,coef_calib_zeroautohhjointtou_BIKE_maint,coef_calib_zeroautohhjointtou_BIKE_disc,coef_calib_zeroautohhjointtou_BIKE_disc,coef_calib_zeroautohhjointtou_BIKE_disc,coef_zero
coef_calib_zeroautohhjointtou_WALK_TRANSIT,coef_zero,coef_zero,coef_zero,coef_calib_zeroautohhjointtou_WALK_TRANSIT_maint,coef_calib_zeroautohhjointtou_WALK_TRANSIT_maint,coef_calib_zeroautohhjointtou_WALK_TRANSIT_maint,coef_calib_zeroautohhjointtou_WALK_TRANSIT_disc,coef_calib_zeroautohhjointtou_WALK_TRANSIT_disc,coef_calib_zeroautohhjointtou_WALK_TRANSIT_disc,coef_zero
coef_calib_zeroautohhjointtou_PNR_TRANSIT,coef_zero,coef_zero,coef_zero,coef_calib_zeroautohhjointtou_PNR_TRANSIT_maint,coef_calib_zeroautohhjointtou_PNR_TRANSIT_maint,coef_calib_zeroautohhjointtou_PNR_TRANSIT_maint,coef_calib_zeroautohhjointtou_PNR_TRANSIT_disc,coef_calib_zeroautohhjointtou_PNR_TRANSIT_disc,coef_calib_zeroautohhjointtou_PNR_TRANSIT_disc,coef_zero
coef_calib_zeroautohhjointtou_KNR_TRANSIT,coef_zero,coef_zero,coef_zero,coef_calib_zeroautohhjointtou_KNR_TRANSIT_maint,coef_calib_zeroautohhjointtou_KNR_TRANSIT_maint,coef_calib_zeroautohhjointtou_KNR_TRANSIT_maint,coef_calib_zeroautohhjointtou_KNR_TRANSIT_disc,coef_calib_zeroautohhjointtou_KNR_TRANSIT_disc,coef_calib_zeroautohhjointtou_KNR_TRANSIT_disc,coef_zero
coef_calib_zeroautohhjointtou_TNC_TRANSIT,coef_zero,coef_zero,coef_zero,coef_calib_zeroautohhjointtou_TNC_TRANSIT_maint,coef_calib_zeroautohhjointtou_TNC_TRANSIT_maint,coef_calib_zeroautohhjointtou_TNC_TRANSIT_maint,coef_calib_zeroautohhjointtou_TNC_TRANSIT_disc,coef_calib_zeroautohhjointtou_TNC_TRANSIT_disc,coef_calib_zeroautohhjointtou_TNC_TRANSIT_disc,coef_zero
coef_calib_zeroautohhjointtou_TAXI,coef_zero,coef_zero,coef_zero,coef_calib_zeroautohhjointtou_TAXI_maint,coef_calib_zeroautohhjointtou_TAXI_maint,coef_calib_zeroautohhjointtou_TAXI_maint,coef_calib_zeroautohhjointtou_TAXI_disc,coef_calib_zeroautohhjointtou_TAXI_disc,coef_calib_zeroautohhjointtou_TAXI_disc,coef_zero
coef_calib_zeroautohhjointtou_TNC_SINGLE,coef_zero,coef_zero,coef_zero,coef_calib_zeroautohhjointtou_TNC_SINGLE_maint,coef_calib_zeroautohhjointtou_TNC_SINGLE_maint,coef_calib_zeroautohhjointtou_TNC_SINGLE_maint,coef_calib_zeroautohhjointtou_TNC_SINGLE_disc,coef_calib_zeroautohhjointtou_TNC_SINGLE_disc,coef_calib_zeroautohhjointtou_TNC_SINGLE_disc,coef_zero
coef_calib_zeroautohhjointtou_TNC_SHARED,coef_zero,coef_zero,coef_zero,coef_calib_zeroautohhjointtou_TNC_SHARED_maint,coef_calib_zeroautohhjointtou_TNC_SHARED_maint,coef_calib_zeroautohhjointtou_TNC_SHARED_maint,coef_calib_zeroautohhjointtou_TNC_SHARED_disc,coef_calib_zeroautohhjointtou_TNC_SHARED_disc,coef_calib_zeroautohhjointtou_TNC_SHARED_disc,coef_zero
coef_calib_zeroautohhjointtou_EBIKE,coef_zero,coef_zero,coef_zero,coef_calib_zeroautohhjointtou_EBIKE_maint,coef_calib_zeroautohhjointtou_EBIKE_maint,coef_calib_zeroautohhjointtou_EBIKE_maint,coef_calib_zeroautohhjointtou_EBIKE_disc,coef_calib_zeroautohhjointtou_EBIKE_disc,coef_calib_zeroautohhjointtou_EBIKE_disc,coef_zero
coef_calib_zeroautohhjointtou_ESCOOTER,coef_zero,coef_zero,coef_zero,coef_calib_zeroautohhjointtou_ESCOOTER_maint,coef_calib_zeroautohhjointtou_ESCOOTER_maint,coef_calib_zeroautohhjointtou_ESCOOTER_maint,coef_calib_zeroautohhjointtou_ESCOOTER_disc,coef_calib_zeroautohhjointtou_ESCOOTER_disc,coef_calib_zeroautohhjointtou_ESCOOTER_disc,coef_zero
coef_calib_onboard,coef_calib_onboard,coef_calib_onboard,coef_calib_onboard,coef_calib_onboard,coef_calib_onboard,coef_calib_onboard,coef_calib_onboard,coef_calib_onboard,coef_calib_onboard,coef_calib_onboard
coef_calib_mt_zeroautohh,coef_calib_mt_zeroautohh,coef_calib_mt_zeroautohh,coef_calib_mt_zeroautohh,coef_calib_mt_zeroautohh,coef_calib_mt_zeroautohh,coef_calib_mt_zeroautohh,coef_calib_mt_zeroautohh,coef_calib_mt_zeroautohh,coef_calib_mt_zeroautohh,coef_calib_mt_zeroautohh
coef_calib_nev_zeroautohh,coef_calib_nev_zeroautohh,coef_calib_nev_zeroautohh,coef_calib_nev_zeroautohh,coef_calib_nev_zeroautohh,coef_calib_nev_zeroautohh,coef_calib_nev_zeroautohh,coef_calib_nev_zeroautohh,coef_calib_nev_zeroautohh,coef_calib_nev_zeroautohh,coef_calib_nev_zeroautohh